Department,Category,Subcategory,Product Type
Baby & Kids,Baby & Kids Decor,Baby & Kids Art,
Baby & Kids,Baby & Kids Decor,Baby & Kids Celebrations,
Baby & Kids,Baby & Kids Decor,Baby & Kids Lighting,
Baby & Kids,Baby & Kids Decor,Baby & Kids Rugs,
Baby & Kids,Baby & Kids Decor,Decorative Accents,
Baby & Kids,Baby & Kids Storage,Baby & Kids Bookcases,
Baby & Kids,Baby & Kids Storage,Toy Storage,
Baby & Kids,Baby & Kids Storage,Trundles & Slats,
Baby & Kids,Bedding,Baby Bedding,Bibs & Burp Cloths
Baby & Kids,Bedding,Kids Bedding,
Baby & Kids,Bedding,Swaddles,
Baby & Kids,Kids Furniture,Bunk & Loft Beds,
Baby & Kids,Kids Furniture,Daybeds,
Baby & Kids,Kids Furniture,Kids Bedroom Sets,
Baby & Kids,Kids Furniture,Kids Beds & Headboards,
Baby & Kids,Kids Furniture,Kids Desk Chairs,
Baby & Kids,Kids Furniture,Kids Desks,
Baby & Kids,Kids Furniture,Kids Dressers & Chests,Chests
Baby & Kids,Kids Furniture,Kids Dressers & Chests,Dressers
Baby & Kids,Kids Furniture,Kids Nightstands,
Baby & Kids,Kids Furniture,Kids Vanities,
Baby & Kids,Kids Playroom,Doll Houses,
Baby & Kids,Kids Playroom,Indoor Climbers & Slides,
Baby & Kids,Kids Playroom,Kids Seating,
Baby & Kids,Kids Playroom,Kids Step Stools,
Baby & Kids,Kids Playroom,Kids Tables & Chair Sets,
Baby & Kids,Kids Playroom,Little Cruisers,
Baby & Kids,Kids Playroom,Montessori Inspired,
Baby & Kids,Kids Playroom,Outdoor Toys,
Baby & Kids,Kids Playroom,Pretend Play,
Baby & Kids,Kids Playroom,Rockers,
Baby & Kids,Kids Playroom,Stuffed Animals,
Baby & Kids,Kids Playroom,"Tents, Playhouses & More",
Baby & Kids,Lunchtime Essentials,Air Purifier,
Baby & Kids,Lunchtime Essentials,Backpacks,
Baby & Kids,Lunchtime Essentials,Dehumidifier,
Baby & Kids,Lunchtime Essentials,Drinkware,
Baby & Kids,Lunchtime Essentials,Food Storage,
Baby & Kids,Lunchtime Essentials,Highchairs,
Baby & Kids,Lunchtime Essentials,Humidifier,
Baby & Kids,Lunchtime Essentials,Lunch Boxes,
Baby & Kids,Lunchtime Essentials,Plates & Utensils,
Baby & Kids,Nursery Furniture,Baby Seating,
Baby & Kids,Nursery Furniture,Changing Tables & Pads,Changing Pads
Baby & Kids,Nursery Furniture,Changing Tables & Pads,Changing Tables
Baby & Kids,Nursery Furniture,Conversion Kits,
Baby & Kids,Nursery Furniture,Cradles & Bassinets,Bassinets
Baby & Kids,Nursery Furniture,Cradles & Bassinets,Cradles
Baby & Kids,Nursery Furniture,Crib Mattresses,
Baby & Kids,Nursery Furniture,Cribs,
Baby & Kids,Nursery Furniture,Nursery Chairs,
Bedding & Bath,Bath Accessories,Bathroom Mirrors,
Bedding & Bath,Bath Accessories,Countertop Accessories,
Bedding & Bath,Bath Accessories,Hampers & Wastebaskets,Hampers
Bedding & Bath,Bath Accessories,Hampers & Wastebaskets,Wastebaskets
Bedding & Bath,Bath Accessories,Shower Curtains & Liners,Shower Curtains
Bedding & Bath,Bath Accessories,Shower Curtains & Liners,Shower Liners
Bedding & Bath,Bath Accessories,Shower Rods & Hooks,Shower Hooks
Bedding & Bath,Bath Accessories,Shower Rods & Hooks,Shower Rods
Bedding & Bath,Bath Accessories,Storage & Organization,
Bedding & Bath,Bath Furniture,Bathroom Benches,
Bedding & Bath,Bath Furniture,Bathroom Cabinets,
Bedding & Bath,Bath Furniture,Bathroom Shelving,
Bedding & Bath,Bath Furniture,Vanities,
Bedding & Bath,Bath Hardware,Bathroom Sink Faucet,
Bedding & Bath,Bath Hardware,Bathtub & Shower Faucet,
Bedding & Bath,Bath Hardware,Bathtub Faucets,
Bedding & Bath,Bath Hardware,Shower Faucets,
Bedding & Bath,Bath Hardware,Shower Heads,
Bedding & Bath,Bath Linens,Bath Rugs & Mats,
Bedding & Bath,Bath Linens,Bath Towels,
Bedding & Bath,Bath Linens,Robes,
Bedding & Bath,Bed Linens,Bed in a Bag,
Bedding & Bath,Bed Linens,Blankets & Throws,
Bedding & Bath,Bed Linens,Comforters & Sets,Comforter Sets
Bedding & Bath,Bed Linens,Comforters & Sets,Comforters
Bedding & Bath,Bed Linens,Decorative Pillows,
Bedding & Bath,Bed Linens,Duvet Covers & Sets,Duvet Covers
Bedding & Bath,Bed Linens,Duvet Covers & Sets,Duvet Sets
Bedding & Bath,Bed Linens,Pillow Shams & Euro Shams,Euro Shams
Bedding & Bath,Bed Linens,Pillow Shams & Euro Shams,Pillow Shams
Bedding & Bath,Bed Linens,Quilts & Coverlets,Coverlets
Bedding & Bath,Bed Linens,Quilts & Coverlets,Quilts
Bedding & Bath,Bed Linens,Sheets & Pillowcases,Pillowcases
Bedding & Bath,Bed Linens,Sheets & Pillowcases,Sheets
Decor 1,Accents,Baskets,
Decor 1,Accents,Block Letters,
Decor 1,Accents,Bookends,
Decor 1,Accents,Boxes,
Decor 1,Accents,Chains,
Decor 1,Accents,Cloches,
Decor 1,Accents,Clocks,
Decor 1,Accents,Crystals,
Decor 1,Accents,Decorative Books,
Decor 1,Accents,Decorative Screens,
Decor 1,Accents,Easels,
Decor 1,Accents,Faux Plants,
Decor 1,Accents,Globes,
Decor 1,Accents,Hooks Pegs,
Decor 1,Accents,Hourglasses,
Decor 1,Accents,Indoor Fountains,
Decor 1,Accents,Indoor Games,
Decor 1,Accents,Indoor Planters,
Decor 1,Accents,Ladders,
Decor 1,Accents,Magazine Holders,
Decor 1,Accents,Mirrors,
Decor 1,Accents,Pedestals,
Decor 1,Accents,Picture Frames,
Decor 1,Accents,Sculptures,Animal
Decor 1,Accents,Sculptures,Busts
Decor 1,Accents,Sculptures,Figurines
Decor 1,Accents,Sculptures,Fruit
Decor 1,Accents,Sculptures,Nature
Decor 1,Accents,Sculptures,Shapes
Decor 1,Accents,Sculptures,Statues
Decor 1,Accents,Sculptures,Vehicles
Decor 1,Accents,Signs,
Decor 1,Accents,Slipcovers,
Decor 1,Accents,Spheres,
Decor 1,Accents,Tissue Holders,
Decor 1,Accents,Trays & Bowls,
Decor 1,Accents,"Vases, Jars, Bottles, Urns",
Decor 1,Candles & Holders,,
Decor 1,Flowers & Plants,Faux Flowers,
Decor 1,Flowers & Plants,Faux Panels,
Decor 1,Flowers & Plants,Faux Plants,
Decor 1,Flowers & Plants,Faux Stems,
Decor 1,Flowers & Plants,Faux Trees,
Decor 1,Flowers & Plants,Fresh Flowers,
Decor 1,Flowers & Plants,Garlands & Swag,
Decor 1,Flowers & Plants,Live Plants,
Decor 1,Flowers & Plants,Wreaths,
Decor 1,Fragrances & Diffusers,,
Decor 1,Lighting,Ceiling Fans,Ceiling Fan Shades
Decor 1,Lighting,Ceiling Fans,Ceiling Medallions
Decor 1,Lighting,Ceiling Fans,Indoor Fans
Decor 1,Lighting,Ceiling Fans,Outdoor Fans
Decor 1,Lighting,Chandeliers,
Decor 1,Lighting,Desk Lamps,
Decor 1,Lighting,Floor Lamps,
Decor 1,Lighting,Flush Mount Lighting,
Decor 1,Lighting,Lamp Sets,
Decor 1,Lighting,Novelty,Light Signs
Decor 1,Lighting,Novelty,Lighted Figurines
Decor 1,Lighting,Novelty,Marquee Signs
Decor 1,Lighting,Novelty,Novelty String
Decor 1,Lighting,Outdoor Lights,Ceiling Lights
Decor 1,Lighting,Outdoor Lights,Deck Lighting
Decor 1,Lighting,Outdoor Lights,Decorative Lights
Decor 1,Lighting,Outdoor Lights,Security and Flood Lights
Decor 1,Lighting,Outdoor Lights,String Lights
Decor 1,Lighting,Outdoor Lights,Wall Lighting
Decor 1,Lighting,Outdoor Lights,lanterns-lamps
Decor 1,Lighting,Pendants,
Decor 1,Lighting,Sconces,
Decor 1,Lighting,Table Lamps,
Decor 1,Lighting,Table and Floor Lamps,Baby and Kids Lamps
Decor 1,Lighting,Table and Floor Lamps,Lamp Shades
Decor 1,Lighting,Vanity Lights,
Decor 1,Lighting,Wall Lights,Night Lights
Decor 1,Lighting,Wall Lights,Picture Lights
Decor 1,Lighting,Wall Lights,Swing Arm Wall Sconces
Decor 1,Lighting,Wall Lights,Under Cabinet Lighting
Decor 1,Lighting,Wall Lights,Wall Lampshade
Decor 1,Pets,Cat Trees & Scratchers,
Decor 1,Pets,Farm Animals,
Decor 1,Pets,Fish & Aquatic Pets,
Decor 1,Pets,Outdoor Essentials,
Decor 1,Pets,Pet Beds,
Decor 1,Pets,Pet Furniture,
Decor 1,Pets,Pet Supplies,
Decor 1,Pets,Pet Toys,
Decor 1,Pets,Small Animals,
Decor 1,Pets,Travel Accessories,
Decor 1,Pillows & Throws,Blankets & Throws,
Decor 1,Pillows & Throws,Throw Pillows,
Decor 1,Wall Art & Decor,Alternative Art,
Decor 1,Wall Art & Decor,Display Shelves,
Decor 1,Wall Art & Decor,Drawing,
Decor 1,Wall Art & Decor,Painting,
Decor 1,Wall Art & Decor,Photography,
Decor 1,Wall Art & Decor,Prints,
Decor 1,Wall Art & Decor,Tapestries,
Decor 1,Wall Art & Decor,Wall Accents,
Decor 1,Wall Art & Decor,Wall Decor,
Decor 1,Wall Art & Decor,Wall Panel,
Decor 1,Wall Art & Decor,Wallpaper,
Decor 2,Window Treatments,Blinds & Shades,Blinds
Decor 2,Window Treatments,Blinds & Shades,Shades
Decor 2,Window Treatments,Curtain Rods & Hardware,Curtain Rods
Decor 2,Window Treatments,Curtain Rods & Hardware,Hardware
Decor 2,Window Treatments,Curtains & Drapes,Curtains
Decor 2,Window Treatments,Curtains & Drapes,Drapes
Decor 2,Window Treatments,Valances & Kitchen Curtains,Kitchen Curtains
Decor 2,Window Treatments,Valances & Kitchen Curtains,Valances
Decor 2,Window Treatments,Windows,
Furniture,Bedroom,Armoires & Wardrobes,Armoires
Furniture,Bedroom,Armoires & Wardrobes,Wardrobes
Furniture,Bedroom,Bedroom Sets,
Furniture,Bedroom,Beds (Queen-King),Beds
Furniture,Bedroom,Benches,
Furniture,Bedroom,Dressers & Chests,Chests
Furniture,Bedroom,Dressers & Chests,Dressers
Furniture,Bedroom,Headboard (Queen-King),
Furniture,Bedroom,Murphy Beds,
Furniture,Bedroom,Nightstands,
Furniture,Bedroom,Trundle & Slats,
Furniture,Bedroom,Vanities,
Furniture,Dining Room,Bar & Pub Tables,Bar Tables
Furniture,Dining Room,Bar & Pub Tables,Bistro Sets
Furniture,Dining Room,Bar Stools,
Furniture,Dining Room,Dining Benches,
Furniture,Dining Room,Dining Chairs,
Furniture,Dining Room,Dining Sets,
Furniture,Dining Room,Dining Tables,
Furniture,Dining Room,Display & China Cabinets,
Furniture,Dining Room,Kitchen Islands & Carts,Bar Carts
Furniture,Dining Room,Kitchen Islands & Carts,Kitchen Islands
Furniture,Dining Room,Sideboards & Buffets,Buffets
Furniture,Dining Room,Sideboards & Buffets,Sideboards
Furniture,Entryway,Benches,
Furniture,Entryway,Coat Racks,
Furniture,Entryway,Console & Sofa Tables,
Furniture,Entryway,Hall Trees,
Furniture,Entryway,Storage,
Furniture,Living Room,Accent Chairs,
Furniture,Living Room,Cabinets & Chests,Cabinets
Furniture,Living Room,Cabinets & Chests,Chests
Furniture,Living Room,Coffee Tables,
Furniture,Living Room,End & Side Tables,End Tables
Furniture,Living Room,End & Side Tables,Side Tables
Furniture,Living Room,Fireplaces,
Furniture,Living Room,Futons,
Furniture,Living Room,Living Rooms Sets,
Furniture,Living Room,Loveseats,
Furniture,Living Room,Ottomans & Poufs,
Furniture,Living Room,Recliners,
Furniture,Living Room,Reclining Sectional,
Furniture,Living Room,Reclining Sofas,
Furniture,Living Room,Sectionals,
Furniture,Living Room,Sleeper Sofas,
Furniture,Living Room,Sofas,
Furniture,Living Room,TV Stands,
Furniture,Office,Bookcases,
Furniture,Office,Craft & Sewing Tables,Craft Tables
Furniture,Office,Craft & Sewing Tables,Sewing Tables
Furniture,Office,Desks,
Furniture,Office,File Cabinets,
Furniture,Office,Gaming,
Furniture,Office,Laptop Carts & Stands,Laptop Carts
Furniture,Office,Laptop Carts & Stands,Laptop Stands
Furniture,Office,Office Accessories,
Furniture,Office,Office Chairs,
Furniture,Office,Office Sets,
Home Improvement,Bathroom,Hardware,Bathroom Faucets
Home Improvement,Bathroom,Hardware,Bathroom Lghting
Home Improvement,Bathroom,Hardware,Bathroom Mirrors
Home Improvement,Bathroom,Plumbing,
Home Improvement,Bathroom,Showers & Bathtubs,Bathtubs
Home Improvement,Bathroom,Showers & Bathtubs,Showers
Home Improvement,Bathroom,Sinks,
Home Improvement,Bathroom,Toilets & Bidets,Bidets
Home Improvement,Bathroom,Toilets & Bidets,Toilets
Home Improvement,Doors & Hardware,Accessories,
Home Improvement,Doors & Hardware,Deadbolts,
Home Improvement,Doors & Hardware,Doorbells,
Home Improvement,Doors & Hardware,Exterior Doors,
Home Improvement,Doors & Hardware,Interior Doorknobs,
Home Improvement,Doors & Hardware,Interior Doors,
Home Improvement,Doors & Hardware,Locking Doorknobs,
Home Improvement,Hardware,Home Security,
Home Improvement,Home Gym Equipment,Home Gym Cardio,
Home Improvement,Home Gym Equipment,Home Gym Essentials,
Home Improvement,Home Gym Equipment,Home Gym Strength,
Home Improvement,Home Gym Equipment,Wellness & Recovery,
Home Improvement,Kitchen,Cabinets & Hardware,Cabinet Hardware
Home Improvement,Kitchen,Cabinets & Hardware,Cabinets
Home Improvement,Kitchen,Faucets,
Home Improvement,Kitchen,Sinks,
Home Improvement,Kitchen,Smoke Detectors,
Home Improvement,Kitchen,Water Filtration,
Home Improvement,Outdoor,Decorative Fencing,
Home Improvement,Outdoor,Fence Hardware,
Home Improvement,Outdoor,Porch & Deck,
Home Improvement,Outdoor,Porch & Stair Railings,
Home Improvement,Outdoor,Privacy Screens,
Home Improvement,Outdoor,Shutters,
Kitchen,Cookware & Bakeware,Bakeware Sets,
Kitchen,Cookware & Bakeware,Baking Dishes,
Kitchen,Cookware & Bakeware,Baking Sheets & Pans,
Kitchen,Cookware & Bakeware,Cookware Sets,
Kitchen,Cookware & Bakeware,Dutch Ovens & Braisers,Braisers
Kitchen,Cookware & Bakeware,Dutch Ovens & Braisers,Dutch Ovens
Kitchen,Cookware & Bakeware,Grill Pans & Griddles,Griddles
Kitchen,Cookware & Bakeware,Grill Pans & Griddles,Grill Pans
Kitchen,Cookware & Bakeware,Pots & Pans,Pans
Kitchen,Cookware & Bakeware,Pots & Pans,Pots
Kitchen,Cookware & Bakeware,Specialty Bakeware,
Kitchen,Cookware & Bakeware,Specialty Cookware,
Kitchen,Cookware & Bakeware,Tea Kettles,
Kitchen,Electrics,Blenders & Juicers,Blenders
Kitchen,Electrics,Blenders & Juicers,Juicers
Kitchen,Electrics,Coffee & Espresso Makers,Coffee Makers
Kitchen,Electrics,Coffee & Espresso Makers,Espresso Makers
Kitchen,Electrics,Deep Fryers & Air Fryers,Air Fryers
Kitchen,Electrics,Deep Fryers & Air Fryers,Deep Fryers
Kitchen,Electrics,Food Processors,
Kitchen,Electrics,Microwaves,
Kitchen,Electrics,Mixers & Attachments,Mixer Attachments
Kitchen,Electrics,Mixers & Attachments,Mixers
Kitchen,Electrics,Slow Cookers & Multi Cookers,
Kitchen,Electrics,Soda Makers,
Kitchen,Electrics,Specialty Electrics,
Kitchen,Electrics,Toaster & Toaster Ovens,Toaster Ovens
Kitchen,Electrics,Toaster & Toaster Ovens,Toasters
Kitchen,Electrics,Wine Fridges,
Kitchen,Kitchen Furniture,Bakers Racks,
Kitchen,Kitchen Furniture,Food Pantries,
Kitchen,Kitchen Furniture,Islands & Carts,
Kitchen,Kitchen Furniture,Wine Racks,
Kitchen,Kitchen Tools,Food Prep,
Kitchen,Kitchen Tools,Knives & Cutting Boards,Cutting Boards
Kitchen,Kitchen Tools,Knives & Cutting Boards,Knives
Kitchen,Kitchen Tools,Storage & Organization,
Kitchen,Kitchen Tools,Tools & Utensils,
Kitchen,Tabletop & Bar,Cocktail & Bar,
Kitchen,Tabletop & Bar,Dining Accessories,
Kitchen,Tabletop & Bar,Dinnerware,
Kitchen,Tabletop & Bar,Drinkware,
Kitchen,Tabletop & Bar,Flatware & Cutlery,
Kitchen,Tabletop & Bar,Serveware,
Kitchen,Tabletop & Bar,Serving Tools,
Kitchen,Tabletop & Bar,Steak Knives,
Kitchen,Tabletop & Bar,Table Linens,
Mattress,Bed in a Box,,
Mattress,Mattress Accessories,Air Mattresses,
Mattress,Mattress Accessories,Bed Frames,
Mattress,Mattress Accessories,Bed Pillows,
Mattress,Mattress Accessories,Boxsprings & Foundations,
Mattress,Mattress Accessories,Duvet Inserts,
Mattress,Mattress Accessories,Sheets & Pillowcases,Pillowcases
Mattress,Mattress Accessories,Sheets & Pillowcases,Sheets
Organization,Baby & Kids,Bottle & Baby Food Organizer,
Organization,Baby & Kids,Boxes & Benches,
Organization,Baby & Kids,Kids Closet Organizer,
Organization,Baby & Kids,Toys Organizers,
Organization,Bathroom,Bins & Baskets,
Organization,Bathroom,Cabinet Organization,
Organization,Bathroom,Caddies & Totes,
Organization,Bathroom,Countertop Organization,
Organization,Bathroom,Drawer Organization,
Organization,Bathroom,Makeup Organizers,
Organization,Bathroom,Organization Carts,
Organization,Bathroom,Shelf Organization,
Organization,Bathroom,Step stools,
Organization,Bathroom,Toilet Paper Holders,
Organization,Closet,Bins & Baskets,
Organization,Closet,Closet Systems,
Organization,Closet,Drawer Organization,
Organization,Closet,Hanging Organization,
Organization,Closet,Jewelry Organization,
Organization,Closet,Shelf Organization,
Organization,Closet,Shoe Storage,
Organization,Closet,Underbed Storage,
Organization,Garage Organization,Shelving & Storage Racks,
Organization,Garage Organization,Tool Storage,
Organization,Garage Organization,Work Benches,
Organization,Kitchen,Bar & Beverage,
Organization,Kitchen,Cabinet Organization,
Organization,Kitchen,Countertop Organization,
Organization,Kitchen,Dish & Drying Racks,
Organization,Kitchen,Drawer Organization,
Organization,Kitchen,Food Storage,
Organization,Kitchen,Kitchen Trash Cans,
Organization,Kitchen,Pantry Organization,
Organization,Kitchen,Refrigerator & Freezer,
Organization,Kitchen,Sink Organization,
Organization,Laundry & Cleaning,Drying Racks,
Organization,Laundry & Cleaning,Holders & Dispensers,
Organization,Laundry & Cleaning,Ironing Storage,
Organization,Laundry & Cleaning,Laundry Storage,
Organization,Laundry & Cleaning,Rolling Carts,
Organization,Office Organization,Desktop Organization,
Organization,Office Organization,Drawer Organization,
Organization,Office Organization,Hanging Organization,
Organization,Outdoor,Patio Storage,
Organization,Outdoor,Sheds,
Organization,Specialty Organization,Attic & Basement Storage,
Organization,Specialty Organization,Craft Organizers,
Organization,Specialty Organization,Holiday Organization,
Organization,Specialty Organization,Pet Storage,
Organization,Specialty Organization,Travel Organization,
Outdoor,Gardening,Garden Arbors & Trellises,
Outdoor,Gardening,Garden Beds,
Outdoor,Gardening,Garden Carts,
Outdoor,Gardening,Garden Houses & Sheds,
Outdoor,Gardening,Gardening Tools & Accessories,
Outdoor,Gardening,Planters & Stands,
Outdoor,Gardening,Potting Tables,
Outdoor,Outdoor Accessories,Bird Houses & Accessories,
Outdoor,Outdoor Accessories,Coolers,
Outdoor,Outdoor Accessories,Grills & Accessories,Grilling Accessories
Outdoor,Outdoor Accessories,Grills & Accessories,Grills
Outdoor,Outdoor Accessories,Hammocks,
Outdoor,Outdoor Accessories,Outdoor Decor,
Outdoor,Outdoor Accessories,Outdoor Furniture Covers,
Outdoor,Outdoor Accessories,Outdoor Games,
Outdoor,Outdoor Accessories,Outdoor Lighting,
Outdoor,Outdoor Accessories,Outdoor Rugs,
Outdoor,Outdoor Accessories,Outdoor Seat Cushions,
Outdoor,Outdoor Accessories,Outdoor Shades,
Outdoor,Outdoor Accessories,Outdoor Tableware,
Outdoor,Outdoor Accessories,Outdoor Throw Pillows,
Outdoor,Outdoor Accessories,Storage & Organization,
Outdoor,Outdoor Bar,Outdoor Bar Stools,
Outdoor,Outdoor Bar,Outdoor Bar Tables,
Outdoor,Outdoor Bar,Outdoor Bars & Carts,Bars
Outdoor,Outdoor Bar,Outdoor Bars & Carts,Carts
Outdoor,Outdoor Dining,Outdoor Dining Chairs,
Outdoor,Outdoor Dining,Outdoor Dining Tables,
Outdoor,Outdoor Heating,Fire Pits,
Outdoor,Outdoor Heating,Firepit Covers and Screens,
Outdoor,Outdoor Heating,Firewood Holders,
Outdoor,Outdoor Heating,Outdoor Heaters,
Outdoor,Outdoor Seating,Outdoor Benches,
Outdoor,Outdoor Seating,Outdoor Chairs,Adirondack Chairs
Outdoor,Outdoor Seating,Outdoor Chairs,Lounge Chairs
Outdoor,Outdoor Seating,Outdoor Chairs,Outdoor Egg Chair
Outdoor,Outdoor Seating,Outdoor Chairs,Outdoor Rocking Chairs
Outdoor,Outdoor Seating,Outdoor Ottomans & Poufs,
Outdoor,Outdoor Seating,Outdoor Porch Swings,
Outdoor,Outdoor Seating,Outdoor Sectionals,
Outdoor,Outdoor Seating,Outdoor Sofas & Loveseats,Outdoor Loveseats
Outdoor,Outdoor Seating,Outdoor Sofas & Loveseats,Outdoor Sofas
Outdoor,Outdoor Sets,Outdoor Bar Sets,
Outdoor,Outdoor Sets,Outdoor Bistro Sets,
Outdoor,Outdoor Sets,Outdoor Dining Sets,
Outdoor,Outdoor Sets,Outdoor Seating Sets,
Outdoor,Outdoor Tables,Fire Pit Tables,
Outdoor,Outdoor Tables,Outdoor Coffee Tables,
Outdoor,Outdoor Tables,Outdoor End & Side Tables,
Rugs,Rooms,All Rugs,
Rugs,Rug Type,Doormat,
Rugs,Rug Type,Indoor Rugs,
Rugs,Rug Type,Outdoor Rugs,
Rugs,Rug Type,Rug Pads,
Rugs,Rug Type,Stair Treads,
Seasonal,Additional Holidays,Earth Day,
Seasonal,Additional Holidays,Father's Day,
Seasonal,Additional Holidays,Mother's Day,
Seasonal,Additional Holidays,St. Patricks,
Seasonal,Christmas,Bedding & Bath,
Seasonal,Christmas,Blankets & Throws,
Seasonal,Christmas,Christmas Lights,
Seasonal,Christmas,Christmas Tree Decor,
Seasonal,Christmas,Christmas Trees,
Seasonal,Christmas,Decorations,
Seasonal,Christmas,Outdoor Decorations,
Seasonal,Christmas,Tableware & Linens,
Seasonal,Christmas,Wreaths and Garland,
Seasonal,Easter,Bedding & Bath,
Seasonal,Easter,Blankets & Throws,
Seasonal,Easter,Dining & Entertainment,
Seasonal,Easter,Easter Decorations,
Seasonal,Easter,Outdoor Decoration,
Seasonal,Easter,Tableware & Linens,
Seasonal,Easter,Wreaths & Garland,
Seasonal,Fourth of July,Blankets & Throws,
Seasonal,Fourth of July,Dining & Entertaiment,
Seasonal,Fourth of July,Patriotic Decorations,
Seasonal,Fourth of July,Tableware & Linens,
Seasonal,Halloween,Bedding & Bath,
Seasonal,Halloween,Blankets & Throws,
Seasonal,Halloween,Halloween Decorations,
Seasonal,Halloween,Halloween Lights,
Seasonal,Halloween,Outdoor Decor,
Seasonal,Halloween,Tableware & Linens,
Seasonal,Halloween,Wreaths & Garlands,
Seasonal,Hanukkah,Bedding & Bath,
Seasonal,Hanukkah,Blankets & Throws,
Seasonal,Hanukkah,Dining & Entertaiment,
Seasonal,Hanukkah,Hanukkah Decorations,
Seasonal,Hanukkah,Menorahs,
Seasonal,Hanukkah,Outdoor Decorations,
Seasonal,Hanukkah,Tableware & Linens,
Seasonal,Hanukkah,Wreaths & Garland,
Seasonal,Seasons,Fall,
Seasonal,Seasons,Spring,
Seasonal,Seasons,Summer,
Seasonal,Seasons,Winter,
Seasonal,Thanksgiving,Bedding & Bath,
Seasonal,Thanksgiving,Blankets & Throws,
Seasonal,Thanksgiving,Decorations,
Seasonal,Thanksgiving,Dining & Entertainment,
Seasonal,Thanksgiving,Outdoor Decorations,
Seasonal,Thanksgiving,Tableware & Linens,
Seasonal,Thanksgiving,Wreaths & Garland,
Seasonal,Valentines Day,Bedding & Bath,
Seasonal,Valentines Day,Blankets & Throws,
Seasonal,Valentines Day,Gifts for Her,
Seasonal,Valentines Day,Gifts for Him,
Seasonal,Valentines Day,Valentines Decorations,
Seasonal,Valentines Day,Valentines Dining,
Seasonal,Valentines Day,Valentines Linens,
