Category,Subcategory,Sub-Subcategory
Women's Clothing,Dresses,Casual Dresses
Women's Clothing,Dresses,Party & Cocktail Dresses
Women's Clothing,Dresses,Evening & Formal Dresses
Women's Clothing,Dresses,Maxi Dresses
Women's Clothing,Dresses,Midi Dresses
Women's Clothing,Dresses,Mini Dresses
Women's Clothing,Dresses,Bodycon Dresses
Women's Clothing,Dresses,Sundresses
Women's Clothing,Dresses,Wrap Dresses
Women's Clothing,Tops,T-Shirts
Women's Clothing,Tops,Blouses & Shirts
Women's Clothing,Tops,Tank Tops & Camis
Women's Clothing,Tops,Crop Tops
Women's Clothing,Tops,Tunics
Women's Clothing,Tops,Polo Shirts
Women's Clothing,Sweaters & Knitwear,Pullover Sweaters
Women's Clothing,Sweaters & Knitwear,Cardigans
Women's Clothing,Sweaters & Knitwear,Turtlenecks
Women's Clothing,Sweaters & Knitwear,Sweater Vests
Women's Clothing,Hoodies & Sweatshirts,Pullover Hoodies
Women's Clothing,Hoodies & Sweatshirts,Zip-Up Hoodies
Women's Clothing,Hoodies & Sweatshirts,Crewneck Sweatshirts
Women's Clothing,Outerwear,Jackets
Women's Clothing,Outerwear,Coats
Women's Clothing,Outerwear,Blazers
Women's Clothing,Outerwear,Vests
Women's Clothing,Outerwear,Trench Coats
Women's Clothing,Outerwear,Parkas
Women's Clothing,Bottoms,Jeans
Women's Clothing,Bottoms,Pants & Trousers
Women's Clothing,Bottoms,Leggings
Women's Clothing,Bottoms,Shorts
Women's Clothing,Bottoms,Skirts
Women's Clothing,Bottoms,Cargo Pants
Women's Clothing,Jumpsuits & Rompers,Jumpsuits
Women's Clothing,Jumpsuits & Rompers,Rompers
Women's Clothing,Jumpsuits & Rompers,Overalls
Women's Clothing,Activewear,Sports Bras
Women's Clothing,Activewear,Athletic Tops
Women's Clothing,Activewear,Athletic Leggings
Women's Clothing,Activewear,Athletic Shorts
Women's Clothing,Activewear,Tracksuits
Women's Clothing,Swimwear,Bikinis
Women's Clothing,Swimwear,One-Piece Swimsuits
Women's Clothing,Swimwear,Cover-Ups
Women's Clothing,Swimwear,Tankinis
Women's Clothing,Lingerie & Underwear,Bras
Women's Clothing,Lingerie & Underwear,Panties
Women's Clothing,Lingerie & Underwear,Shapewear
Women's Clothing,Lingerie & Underwear,Lingerie Sets
Women's Clothing,Sleepwear,Pajama Sets
Women's Clothing,Sleepwear,Nightgowns
Women's Clothing,Sleepwear,Robes
Women's Clothing,Socks & Hosiery,Socks
Women's Clothing,Socks & Hosiery,Tights
Women's Clothing,Socks & Hosiery,Stockings
Women's Curve+Plus,Tops,Plus-Size T-Shirts
Women's Curve+Plus,Tops,Plus-Size Blouses & Shirts
Women's Curve+Plus,Tops,Plus-Size Tank Tops
Women's Curve+Plus,Tops,Plus-Size Tunics
Women's Curve+Plus,Dresses,Plus-Size Casual Dresses
Women's Curve+Plus,Dresses,Plus-Size Maxi Dresses
Women's Curve+Plus,Dresses,Plus-Size Party Dresses
Women's Curve+Plus,Bottoms,Plus-Size Jeans
Women's Curve+Plus,Bottoms,Plus-Size Leggings
Women's Curve+Plus,Bottoms,Plus-Size Shorts
Women's Curve+Plus,Bottoms,Plus-Size Skirts
Women's Curve+Plus,Outerwear,Plus-Size Jackets
Women's Curve+Plus,Outerwear,Plus-Size Coats
Women's Curve+Plus,Activewear,Plus-Size Sports Bras
Women's Curve+Plus,Activewear,Plus-Size Athletic Leggings
Women's Curve+Plus,Swimwear,Plus-Size Bikinis
Women's Curve+Plus,Swimwear,Plus-Size One-Piece Swimsuits
Women's Curve+Plus,Lingerie,Plus-Size Bras
Women's Curve+Plus,Lingerie,Plus-Size Shapewear
Women's Curve+Plus,Sleepwear,Plus-Size Pajama Sets
Women's Curve+Plus,Sleepwear,Plus-Size Nightgowns
Men's Clothing,Tops,T-Shirts
Men's Clothing,Tops,Casual Shirts
Men's Clothing,Tops,Dress Shirts
Men's Clothing,Tops,Polo Shirts
Men's Clothing,Tops,Henley Shirts
Men's Clothing,Tops,Tank Tops
Men's Clothing,Sweaters & Knitwear,Pullover Sweaters
Men's Clothing,Sweaters & Knitwear,Cardigans
Men's Clothing,Sweaters & Knitwear,Turtlenecks
Men's Clothing,Hoodies & Sweatshirts,Pullover Hoodies
Men's Clothing,Hoodies & Sweatshirts,Zip-Up Hoodies
Men's Clothing,Hoodies & Sweatshirts,Crewneck Sweatshirts
Men's Clothing,Outerwear,Jackets
Men's Clothing,Outerwear,Coats
Men's Clothing,Outerwear,Blazers
Men's Clothing,Outerwear,Vests
Men's Clothing,Outerwear,Parkas
Men's Clothing,Bottoms,Jeans
Men's Clothing,Bottoms,Pants & Trousers
Men's Clothing,Bottoms,Shorts
Men's Clothing,Bottoms,Cargo Pants
Men's Clothing,Bottoms,Chinos
Men's Clothing,Activewear,Athletic Tops
Men's Clothing,Activewear,Athletic Shorts
Men's Clothing,Activewear,Athletic Pants
Men's Clothing,Activewear,Tracksuits
Men's Clothing,Swimwear,Swim Trunks
Men's Clothing,Swimwear,Board Shorts
Men's Clothing,Underwear,Boxer Briefs
Men's Clothing,Underwear,Boxers
Men's Clothing,Underwear,Briefs
Men's Clothing,Underwear,Undershirts
Men's Clothing,Sleepwear,Pajama Sets
Men's Clothing,Sleepwear,Robes
Men's Clothing,Socks,Casual Socks
Men's Clothing,Socks,Athletic Socks
Men's Clothing,Socks,Dress Socks
Kids & Baby,Girls' Clothing,Dresses
Kids & Baby,Girls' Clothing,Tops
Kids & Baby,Girls' Clothing,Bottoms
Kids & Baby,Girls' Clothing,Outerwear
Kids & Baby,Girls' Clothing,Sets & Outfits
Kids & Baby,Boys' Clothing,T-Shirts
Kids & Baby,Boys' Clothing,Shorts & Pants
Kids & Baby,Boys' Clothing,Outerwear
Kids & Baby,Boys' Clothing,Sets & Outfits
Kids & Baby,Baby Clothing,Bodysuits & Onesies
Kids & Baby,Baby Clothing,Baby Rompers
Kids & Baby,Baby Clothing,Baby Sets
Kids & Baby,Baby Clothing,Baby Outerwear
Kids & Baby,Baby Clothing,Baby Socks & Mittens
Kids & Baby,Kids' Shoes,Girls' Sneakers
Kids & Baby,Kids' Shoes,Boys' Sneakers
Kids & Baby,Kids' Shoes,Girls' Sandals
Kids & Baby,Kids' Shoes,Boys' Sandals
Kids & Baby,Kids' Shoes,Kids' Boots
Kids & Baby,Baby Gear,Strollers
Kids & Baby,Baby Gear,Car Seats
Kids & Baby,Baby Gear,Baby Carriers
Kids & Baby,Baby Gear,Baby Bouncers
Kids & Baby,Baby Gear,High Chairs
Kids & Baby,Feeding,Baby Bottles
Kids & Baby,Feeding,Baby Food
Kids & Baby,Feeding,Bibs
Kids & Baby,Feeding,Sippy Cups
Kids & Baby,Diapering,Diapers
Kids & Baby,Diapering,Wipes
Kids & Baby,Diapering,Changing Pads & Covers
Kids & Baby,Nursery,Cribs & Bassinets
Kids & Baby,Nursery,Nursery Decor
Kids & Baby,Nursery,Baby Bedding
Kids & Baby,Nursery,Baby Monitors
Kids & Baby,Maternity Clothing,Maternity Tops
Kids & Baby,Maternity Clothing,Maternity Dresses
Kids & Baby,Maternity Clothing,Maternity Bottoms
Kids & Baby,Maternity Clothing,Maternity Activewear
Kids & Baby,Maternity Care,Maternity Support Belts
Kids & Baby,Maternity Care,Nursing Bras & Accessories
Shoes,Women's Shoes,Sneakers
Shoes,Women's Shoes,Heels
Shoes,Women's Shoes,Flats
Shoes,Women's Shoes,Sandals
Shoes,Women's Shoes,Ankle Boots
Shoes,Women's Shoes,Knee-High Boots
Shoes,Women's Shoes,Slippers
Shoes,Women's Shoes,Wedges
Shoes,Women's Shoes,Loafers
Shoes,Women's Shoes,Mules
Shoes,Men's Shoes,Sneakers
Shoes,Men's Shoes,Dress Shoes
Shoes,Men's Shoes,Casual Shoes
Shoes,Men's Shoes,Sandals
Shoes,Men's Shoes,Boots
Shoes,Men's Shoes,Loafers
Shoes,Men's Shoes,Slippers
Shoes,Shoe Accessories,Insoles
Shoes,Shoe Accessories,Shoelaces
Shoes,Shoe Accessories,Shoe Care Products
Shoes,Shoe Accessories,Shoe Bags
Bags & Luggage,Women's Bags,Handbags
Bags & Luggage,Women's Bags,Shoulder Bags
Bags & Luggage,Women's Bags,Crossbody Bags
Bags & Luggage,Women's Bags,Tote Bags
Bags & Luggage,Women's Bags,Clutches & Evening Bags
Bags & Luggage,Women's Bags,Mini Bags
Bags & Luggage,Men's Bags,Messenger Bags
Bags & Luggage,Men's Bags,Briefcases
Bags & Luggage,Men's Bags,Waist Bags & Fanny Packs
Bags & Luggage,Men's Bags,Laptop Bags
Bags & Luggage,Backpacks,Casual Backpacks
Bags & Luggage,Backpacks,Laptop Backpacks
Bags & Luggage,Backpacks,Travel Backpacks
Bags & Luggage,Backpacks,Kids' Backpacks
Bags & Luggage,Wallets,Women's Wallets
Bags & Luggage,Wallets,Men's Wallets
Bags & Luggage,Wallets,Card Holders
Bags & Luggage,Luggage,Hardside Suitcases
Bags & Luggage,Luggage,Softside Suitcases
Bags & Luggage,Luggage,Carry-On Luggage
Bags & Luggage,Luggage,Duffel Bags
Bags & Luggage,Luggage,Travel Accessories
Jewelry & Accessories,Necklaces,Pendant Necklaces
Jewelry & Accessories,Necklaces,Chain Necklaces
Jewelry & Accessories,Necklaces,Chokers
Jewelry & Accessories,Necklaces,Pearl Necklaces
Jewelry & Accessories,Earrings,Stud Earrings
Jewelry & Accessories,Earrings,Hoop Earrings
Jewelry & Accessories,Earrings,Drop & Dangle Earrings
Jewelry & Accessories,Earrings,Huggie Earrings
Jewelry & Accessories,Rings,Statement Rings
Jewelry & Accessories,Rings,Wedding & Engagement Rings
Jewelry & Accessories,Rings,Stackable Rings
Jewelry & Accessories,Rings,Band Rings
Jewelry & Accessories,Bracelets,Bangles
Jewelry & Accessories,Bracelets,Charm Bracelets
Jewelry & Accessories,Bracelets,Tennis Bracelets
Jewelry & Accessories,Bracelets,Cuffs
Jewelry & Accessories,Bracelets,Anklets
Jewelry & Accessories,Watches,Women's Watches
Jewelry & Accessories,Watches,Men's Watches
Jewelry & Accessories,Watches,Smart Watches
Jewelry & Accessories,Watches,Kids' Watches
Jewelry & Accessories,Hair Accessories,Hair Clips & Claws
Jewelry & Accessories,Hair Accessories,Headbands
Jewelry & Accessories,Hair Accessories,Scrunchies
Jewelry & Accessories,Hair Accessories,Bobby Pins & Hairpins
Jewelry & Accessories,Hats & Caps,Baseball Caps
Jewelry & Accessories,Hats & Caps,Beanies & Winter Hats
Jewelry & Accessories,Hats & Caps,Sun Hats & Bucket Hats
Jewelry & Accessories,Hats & Caps,Fedoras
Jewelry & Accessories,Hats & Caps,Top Hats & Novelty Hats
Jewelry & Accessories,Hats & Caps,Religious & Cultural Hats
Jewelry & Accessories,Crowns & Tiaras,Crowns
Jewelry & Accessories,Crowns & Tiaras,Tiaras
Jewelry & Accessories,Crowns & Tiaras,Headpieces & Fascinators
Jewelry & Accessories,Eyewear,Sunglasses
Jewelry & Accessories,Eyewear,Eyeglass Frames
Jewelry & Accessories,Eyewear,Blue Light Glasses
Jewelry & Accessories,Scarves & Wraps,Scarves
Jewelry & Accessories,Scarves & Wraps,Wraps & Shawls
Jewelry & Accessories,Belts,Women's Belts
Jewelry & Accessories,Belts,Men's Belts
Jewelry & Accessories,Gloves,Winter Gloves
Jewelry & Accessories,Gloves,Fingerless Gloves
Beauty & Health,Makeup,Face Makeup
Beauty & Health,Makeup,Eye Makeup
Beauty & Health,Makeup,Lip Makeup
Beauty & Health,Makeup,Nail Polish
Beauty & Health,Makeup,Makeup Sets & Kits
Beauty & Health,Skincare,Face Moisturizers
Beauty & Health,Skincare,Cleansers & Toners
Beauty & Health,Skincare,Serums & Treatments
Beauty & Health,Skincare,Face Masks
Beauty & Health,Skincare,Sunscreen & SPF
Beauty & Health,Skincare,Eye Creams
Beauty & Health,Skincare,Body Lotions & Oils
Beauty & Health,Hair Care,Shampoo & Conditioner
Beauty & Health,Hair Care,Hair Masks & Treatments
Beauty & Health,Hair Care,Hair Styling Products
Beauty & Health,Hair Care,Hair Color & Dye
Beauty & Health,Hair Care,Hair Growth & Scalp Care
Beauty & Health,Nail Care,Press-On Nails
Beauty & Health,Nail Care,Nail Tools & Accessories
Beauty & Health,Nail Care,Nail Art Supplies
Beauty & Health,Fragrances,Women's Perfume
Beauty & Health,Fragrances,Men's Cologne
Beauty & Health,Fragrances,Body Mists & Sprays
Beauty & Health,Beauty Tools,Makeup Brushes & Sponges
Beauty & Health,Beauty Tools,Hair Styling Tools
Beauty & Health,Beauty Tools,Skincare Devices
Beauty & Health,Beauty Tools,Eyelash Tools
Beauty & Health,Personal Care,Oral Care
Beauty & Health,Personal Care,Bath & Body
Beauty & Health,Personal Care,Feminine Care
Beauty & Health,Personal Care,Men's Shaving
Beauty & Health,Personal Care,Deodorants & Antiperspirants
Beauty & Health,Health & Wellness,Vitamins & Supplements
Beauty & Health,Health & Wellness,Massage Tools & Devices
Beauty & Health,Health & Wellness,First Aid & Medical Supplies
Beauty & Health,Health & Wellness,Eye Care
Home & Garden,Bedding,Bed Sheet Sets
Home & Garden,Bedding,Duvet Covers
Home & Garden,Bedding,Comforters & Quilts
Home & Garden,Bedding,Pillows & Pillowcases
Home & Garden,Bedding,Blankets & Throws
Home & Garden,Bedding,Mattress Protectors
Home & Garden,Bath,Bath Towels
Home & Garden,Bath,Hand Towels
Home & Garden,Bath,Shower Curtains & Liners
Home & Garden,Bath,Bath Mats & Rugs
Home & Garden,Bath,Bathroom Accessories
Home & Garden,Home Decor,Wall Art & Prints
Home & Garden,Home Decor,Throw Pillows & Covers
Home & Garden,Home Decor,Vases & Decorative Bottles
Home & Garden,Home Decor,Candles & Candle Holders
Home & Garden,Home Decor,Picture Frames
Home & Garden,Home Decor,Decorative Figurines & Sculptures
Home & Garden,Home Decor,Wall Stickers & Decals
Home & Garden,Home Decor,Clocks
Home & Garden,Home Decor,Artificial Plants & Flowers
Home & Garden,Window Treatments,Curtains & Drapes
Home & Garden,Window Treatments,Blackout Curtains
Home & Garden,Window Treatments,Sheer Curtains
Home & Garden,Window Treatments,Blinds & Shades
Home & Garden,Window Treatments,Curtain Rods & Hardware
Home & Garden,Rugs,Area Rugs
Home & Garden,Rugs,Runner Rugs
Home & Garden,Rugs,Doormats
Home & Garden,Storage & Organization,Storage Bins & Baskets
Home & Garden,Storage & Organization,Shelving & Bookcases
Home & Garden,Storage & Organization,Closet Organizers
Home & Garden,Storage & Organization,Drawer Organizers
Home & Garden,Storage & Organization,Hooks & Racks
Home & Garden,Lighting,Table Lamps
Home & Garden,Lighting,Floor Lamps
Home & Garden,Lighting,LED Strip Lights
Home & Garden,Lighting,String Lights
Home & Garden,Lighting,Night Lights
Home & Garden,Lighting,Wall Sconces
Home & Garden,Gardening,Planters & Pots
Home & Garden,Gardening,Garden Tools
Home & Garden,Gardening,Seeds & Bulbs
Home & Garden,Gardening,Watering Equipment
Home & Garden,Gardening,Garden Decor
Home & Garden,Outdoor Living,Patio Furniture
Home & Garden,Outdoor Living,Outdoor Lighting
Home & Garden,Outdoor Living,Garden Fencing & Edging
Home & Garden,Outdoor Living,Hammocks & Swings
Home & Garden,Pest Control,Insect Control
Home & Garden,Pest Control,Animal Repellents
Home & Garden,Cleaning Supplies,Cleaning Tools & Brushes
Home & Garden,Cleaning Supplies,Mops & Brooms
Home & Garden,Cleaning Supplies,Cleaning Solutions
Home & Garden,Cleaning Supplies,Laundry Supplies
Kitchen & Dining,Cookware,Pots & Pans
Kitchen & Dining,Cookware,Frying Pans & Skillets
Kitchen & Dining,Cookware,Woks
Kitchen & Dining,Cookware,Dutch Ovens & Casseroles
Kitchen & Dining,Bakeware,Baking Sheets & Pans
Kitchen & Dining,Bakeware,Muffin Pans & Cake Molds
Kitchen & Dining,Bakeware,Mixing Bowls
Kitchen & Dining,Kitchen Utensils,Spatulas & Turners
Kitchen & Dining,Kitchen Utensils,Ladles & Spoons
Kitchen & Dining,Kitchen Utensils,Tongs
Kitchen & Dining,Kitchen Utensils,Whisks
Kitchen & Dining,Kitchen Gadgets,Peelers & Graters
Kitchen & Dining,Kitchen Gadgets,Can Openers
Kitchen & Dining,Kitchen Gadgets,Cutting Boards
Kitchen & Dining,Kitchen Gadgets,Kitchen Scissors
Kitchen & Dining,Kitchen Gadgets,Measuring Cups & Spoons
Kitchen & Dining,Food Storage,Food Containers
Kitchen & Dining,Food Storage,Spice Racks & Jars
Kitchen & Dining,Food Storage,Vacuum Sealers & Bags
Kitchen & Dining,Dinnerware,Plates & Bowls
Kitchen & Dining,Dinnerware,Mugs & Cups
Kitchen & Dining,Dinnerware,Cutlery & Silverware
Kitchen & Dining,Dinnerware,Placemats
Kitchen & Dining,Dinnerware,Cloth Napkins
Kitchen & Dining,Dinnerware,Table Runners
Kitchen & Dining,Dinnerware,Placemats & Napkins Sets
Kitchen & Dining,Drinkware,Glasses & Tumblers
Kitchen & Dining,Drinkware,Travel Mugs & Tumblers
Kitchen & Dining,Drinkware,Water Bottles
Kitchen & Dining,Coffee & Tea,Coffee Makers
Kitchen & Dining,Coffee & Tea,Tea Kettles
Kitchen & Dining,Coffee & Tea,French Press & Pour Over
Kitchen & Dining,Coffee & Tea,Coffee & Tea Accessories
Furniture,Living Room Furniture,Sofas & Couches
Furniture,Living Room Furniture,Loveseats
Furniture,Living Room Furniture,Sectional Sofas
Furniture,Living Room Furniture,Accent Chairs & Armchairs
Furniture,Living Room Furniture,Coffee Tables
Furniture,Living Room Furniture,TV Stands & Media Consoles
Furniture,Living Room Furniture,Side & End Tables
Furniture,Living Room Furniture,Bookshelves & Bookcases
Furniture,Bedroom Furniture,Bed Frames
Furniture,Bedroom Furniture,Headboards
Furniture,Bedroom Furniture,Dressers & Chests
Furniture,Bedroom Furniture,Nightstands
Furniture,Bedroom Furniture,Wardrobes & Armoires
Furniture,Bedroom Furniture,Vanities & Mirrors
Furniture,Dining Room Furniture,Dining Tables
Furniture,Dining Room Furniture,Dining Chairs
Furniture,Dining Room Furniture,Bar Stools & Counter Stools
Furniture,Dining Room Furniture,Dining Sets
Furniture,Office Furniture,Desks
Furniture,Office Furniture,Office Chairs
Furniture,Office Furniture,Filing Cabinets
Furniture,Office Furniture,Computer Desks
Furniture,Bathroom Furniture,Bathroom Vanities
Furniture,Bathroom Furniture,Bathroom Cabinets
Furniture,Bathroom Furniture,Bathroom Shelves
Furniture,Entryway Furniture,Entryway Tables
Furniture,Entryway Furniture,Coat Racks & Hooks
Furniture,Entryway Furniture,Shoe Benches & Racks
Furniture,Kids' Furniture,Kids' Beds
Furniture,Kids' Furniture,Kids' Desks & Chairs
Furniture,Kids' Furniture,Kids' Storage
Electronics,Phones & Accessories,Smartphones
Electronics,Phones & Accessories,Phone Cases & Covers
Electronics,Phones & Accessories,Screen Protectors
Electronics,Phones & Accessories,Phone Mounts & Stands
Electronics,Phones & Accessories,Power Banks
Electronics,Phones & Accessories,Wireless Chargers
Electronics,Phones & Accessories,Wired Earphones
Electronics,Computers & Accessories,Laptops & Tablets
Electronics,Computers & Accessories,Keyboards
Electronics,Computers & Accessories,Mice & Mousepads
Electronics,Computers & Accessories,Laptop Bags & Sleeves
Electronics,Computers & Accessories,USB Hubs & Adapters
Electronics,Computers & Accessories,Webcams
Electronics,Computers & Accessories,Monitor Stands & Arms
Electronics,Audio,Wireless Earbuds
Electronics,Audio,Over-Ear Headphones
Electronics,Audio,Bluetooth Speakers
Electronics,Audio,Microphones
Electronics,Audio,Soundbars
Electronics,Wearable Tech,Smartwatches
Electronics,Wearable Tech,Fitness Trackers
Electronics,Wearable Tech,VR Headsets
Electronics,Cameras & Photography,Digital Cameras
Electronics,Cameras & Photography,Action Cameras
Electronics,Cameras & Photography,Security Cameras
Electronics,Cameras & Photography,Camera Accessories
Electronics,Cameras & Photography,Tripods & Stabilizers
Electronics,Power & Charging,Wall Chargers
Electronics,Power & Charging,Car Chargers
Electronics,Power & Charging,Cables & Adapters
Electronics,Power & Charging,Extension Cords & Surge Protectors
Electronics,Smart Home,Smart Bulbs & Lighting
Electronics,Smart Home,Smart Plugs & Switches
Electronics,Smart Home,Smart Speakers & Displays
Electronics,Smart Home,Smart Security Cameras
Electronics,Gaming,Gaming Controllers
Electronics,Gaming,Gaming Headsets
Electronics,Gaming,Gaming Keyboards & Mice
Electronics,Gaming,Gaming Accessories
Home Appliances,Kitchen Appliances,Air Fryers
Home Appliances,Kitchen Appliances,Blenders & Juicers
Home Appliances,Kitchen Appliances,Coffee Makers
Home Appliances,Kitchen Appliances,Electric Kettles
Home Appliances,Kitchen Appliances,Toasters & Toaster Ovens
Home Appliances,Kitchen Appliances,Rice Cookers
Home Appliances,Kitchen Appliances,Instant Pots & Pressure Cookers
Home Appliances,Kitchen Appliances,Microwave Ovens
Home Appliances,Kitchen Appliances,Food Processors
Home Appliances,Cleaning Appliances,Upright Vacuum Cleaners
Home Appliances,Cleaning Appliances,Handheld Vacuums
Home Appliances,Cleaning Appliances,Robot Vacuums
Home Appliances,Cleaning Appliances,Steam Mops & Cleaners
Home Appliances,Climate Control,Tower Fans
Home Appliances,Climate Control,Box & Desk Fans
Home Appliances,Climate Control,Air Purifiers
Home Appliances,Climate Control,Humidifiers
Home Appliances,Climate Control,Dehumidifiers
Home Appliances,Climate Control,Space Heaters
Home Appliances,Laundry,Irons & Steamers
Home Appliances,Laundry,Clothes Steamers
Home Appliances,Laundry,Laundry Accessories
Home Appliances,Personal Care Appliances,Hair Dryers
Home Appliances,Personal Care Appliances,Hair Straighteners & Curlers
Home Appliances,Personal Care Appliances,Electric Shavers & Trimmers
Home Appliances,Personal Care Appliances,Electric Toothbrushes
Sports & Outdoors,Fitness Equipment,Dumbbells & Free Weights
Sports & Outdoors,Fitness Equipment,Resistance Bands & Tubes
Sports & Outdoors,Fitness Equipment,Yoga Mats & Blocks
Sports & Outdoors,Fitness Equipment,Jump Ropes
Sports & Outdoors,Fitness Equipment,Foam Rollers
Sports & Outdoors,Fitness Equipment,Pull-Up Bars
Sports & Outdoors,Fitness Equipment,Exercise Balls
Sports & Outdoors,Fitness Equipment,Cardio Equipment
Sports & Outdoors,Camping & Hiking,Tents
Sports & Outdoors,Camping & Hiking,Sleeping Bags
Sports & Outdoors,Camping & Hiking,Camping Backpacks
Sports & Outdoors,Camping & Hiking,Camping Cookware
Sports & Outdoors,Camping & Hiking,Headlamps & Lanterns
Sports & Outdoors,Camping & Hiking,Trekking Poles
Sports & Outdoors,Cycling,Helmets
Sports & Outdoors,Cycling,Bike Locks
Sports & Outdoors,Cycling,Bike Accessories
Sports & Outdoors,Cycling,Cycling Gloves
Sports & Outdoors,Water Sports,Swimwear & Rash Guards
Sports & Outdoors,Water Sports,Goggles
Sports & Outdoors,Water Sports,Snorkeling Gear
Sports & Outdoors,Water Sports,Paddle Boards & Kayaks
Sports & Outdoors,Team Sports,Basketball Accessories
Sports & Outdoors,Team Sports,Soccer Accessories
Sports & Outdoors,Team Sports,Baseball Accessories
Sports & Outdoors,Team Sports,Volleyball Accessories
Sports & Outdoors,Fishing,Fishing Rods & Reels
Sports & Outdoors,Fishing,Fishing Tackle & Lures
Sports & Outdoors,Fishing,Fishing Accessories
Sports & Outdoors,Sports Clothing,Athletic T-Shirts
Sports & Outdoors,Sports Clothing,Athletic Shorts
Sports & Outdoors,Sports Clothing,Athletic Socks
Sports & Outdoors,Sports Clothing,Compression Wear
Automotive & Motorcycle,Car Interior Accessories,Seat Covers
Automotive & Motorcycle,Car Interior Accessories,Floor Mats & Liners
Automotive & Motorcycle,Car Interior Accessories,Car Organizers
Automotive & Motorcycle,Car Interior Accessories,Steering Wheel Covers
Automotive & Motorcycle,Car Interior Accessories,Car Air Fresheners
Automotive & Motorcycle,Car Interior Accessories,Sun Shades
Automotive & Motorcycle,Car Exterior Accessories,Car Covers
Automotive & Motorcycle,Car Exterior Accessories,License Plate Frames
Automotive & Motorcycle,Car Exterior Accessories,Mud Flaps & Splash Guards
Automotive & Motorcycle,Car Electronics,Dash Cameras
Automotive & Motorcycle,Car Electronics,Car Phone Mounts
Automotive & Motorcycle,Car Electronics,Car Chargers
Automotive & Motorcycle,Car Electronics,Bluetooth Adapters
Automotive & Motorcycle,Car Electronics,GPS Devices
Automotive & Motorcycle,Car Care,Car Wash & Cleaning
Automotive & Motorcycle,Car Care,Waxes & Polishes
Automotive & Motorcycle,Car Care,Microfiber Cloths
Automotive & Motorcycle,Car Tools & Equipment,Jump Starters
Automotive & Motorcycle,Car Tools & Equipment,Tire Inflators
Automotive & Motorcycle,Car Tools & Equipment,Repair Tools
Automotive & Motorcycle,Motorcycle Accessories,Motorcycle Helmets
Automotive & Motorcycle,Motorcycle Accessories,Motorcycle Gloves
Automotive & Motorcycle,Motorcycle Accessories,Motorcycle Bags
Toys & Games,Action Figures & Collectibles,Action Figures
Toys & Games,Action Figures & Collectibles,Collectible Figures & Statues
Toys & Games,Action Figures & Collectibles,Model Kits
Toys & Games,Dolls & Accessories,Fashion Dolls
Toys & Games,Dolls & Accessories,Baby Dolls
Toys & Games,Dolls & Accessories,Dollhouses & Accessories
Toys & Games,Building Toys,Building Blocks
Toys & Games,Building Toys,Construction Sets
Toys & Games,Building Toys,Magnetic Building Tiles
Toys & Games,Building Toys,STEM Building Kits
Toys & Games,Educational Toys,STEM & Science Toys
Toys & Games,Educational Toys,Learning & Reading Toys
Toys & Games,Educational Toys,Flash Cards
Toys & Games,Educational Toys,Puzzles for Kids
Toys & Games,Games & Puzzles,Board Games
Toys & Games,Games & Puzzles,Card Games
Toys & Games,Games & Puzzles,Jigsaw Puzzles
Toys & Games,Games & Puzzles,Chess & Strategy Games
Toys & Games,Remote Control Toys,RC Cars & Trucks
Toys & Games,Remote Control Toys,RC Drones & Helicopters
Toys & Games,Remote Control Toys,RC Boats
Toys & Games,Outdoor Play,Ride-On Toys
Toys & Games,Outdoor Play,Water Guns & Water Toys
Toys & Games,Outdoor Play,Sand Toys
Toys & Games,Outdoor Play,Bubbles & Outdoor Toys
Toys & Games,Plush & Stuffed Toys,Stuffed Animals
Toys & Games,Plush & Stuffed Toys,Character Plush Toys
Toys & Games,Arts & Crafts Toys,Drawing & Coloring Sets
Toys & Games,Arts & Crafts Toys,Craft Kits for Kids
Pet Supplies,Dog Supplies,Dog Food & Treats
Pet Supplies,Dog Supplies,Dog Beds & Mats
Pet Supplies,Dog Supplies,Dog Toys
Pet Supplies,Dog Supplies,Leashes & Collars
Pet Supplies,Dog Supplies,Dog Clothing & Accessories
Pet Supplies,Dog Supplies,Dog Bowls & Feeders
Pet Supplies,Dog Supplies,Dog Grooming
Pet Supplies,Dog Supplies,Dog Crates & Carriers
Pet Supplies,Cat Supplies,Cat Food & Treats
Pet Supplies,Cat Supplies,Litter & Litter Boxes
Pet Supplies,Cat Supplies,Cat Trees & Scratching Posts
Pet Supplies,Cat Supplies,Cat Toys
Pet Supplies,Cat Supplies,Cat Beds
Pet Supplies,Cat Supplies,Cat Collars & Harnesses
Pet Supplies,Fish & Aquarium,Fish Tanks & Aquariums
Pet Supplies,Fish & Aquarium,Aquarium Filters & Pumps
Pet Supplies,Fish & Aquarium,Aquarium Decor
Pet Supplies,Fish & Aquarium,Fish Food
Pet Supplies,Small Pets,Small Pet Cages & Habitats
Pet Supplies,Small Pets,Small Pet Food & Treats
Pet Supplies,Small Pets,Small Pet Toys & Accessories
Pet Supplies,Bird Supplies,Bird Cages
Pet Supplies,Bird Supplies,Bird Food
Pet Supplies,Bird Supplies,Bird Toys & Perches
Pet Supplies,Pet Travel,Pet Carriers
Pet Supplies,Pet Travel,Pet Strollers
Pet Supplies,Pet Travel,Pet Car Accessories
Office & School Supplies,Writing Supplies,Ballpoint Pens
Office & School Supplies,Writing Supplies,Gel Pens
Office & School Supplies,Writing Supplies,Pencils
Office & School Supplies,Writing Supplies,Markers & Highlighters
Office & School Supplies,Writing Supplies,Erasers & Sharpeners
Office & School Supplies,Paper Products,Notebooks & Journals
Office & School Supplies,Paper Products,Sticky Notes
Office & School Supplies,Paper Products,Notepads
Office & School Supplies,Paper Products,Printer Paper
Office & School Supplies,Desk Organization,Desk Organizers
Office & School Supplies,Desk Organization,Filing & Binders
Office & School Supplies,Desk Organization,Planners & Calendars
Office & School Supplies,Desk Organization,Tape & Adhesives
Office & School Supplies,School Bags,Student Backpacks
Office & School Supplies,School Bags,Lunch Boxes & Bags
Office & School Supplies,School Bags,Pencil Cases
Office & School Supplies,Office Equipment,Calculators
Office & School Supplies,Office Equipment,Staplers & Paper Clips
Office & School Supplies,Office Equipment,Whiteboards & Corkboards
Arts & Crafts,Painting & Drawing,Acrylic Paints
Arts & Crafts,Painting & Drawing,Watercolor Paints
Arts & Crafts,Painting & Drawing,Colored Pencils & Pastels
Arts & Crafts,Painting & Drawing,Sketchbooks & Art Paper
Arts & Crafts,Painting & Drawing,Paint Brushes
Arts & Crafts,Painting & Drawing,Canvas & Boards
Arts & Crafts,Sewing & Fabric,Sewing Kits
Arts & Crafts,Sewing & Fabric,Fabric & Textile
Arts & Crafts,Sewing & Fabric,Sewing Accessories & Notions
Arts & Crafts,Sewing & Fabric,Embroidery Kits
Arts & Crafts,Knitting & Crochet,Yarn & Wool
Arts & Crafts,Knitting & Crochet,Knitting Needles
Arts & Crafts,Knitting & Crochet,Crochet Hooks
Arts & Crafts,DIY & Craft Supplies,Craft Paper & Cardstock
Arts & Crafts,DIY & Craft Supplies,Glue & Adhesives
Arts & Crafts,DIY & Craft Supplies,Washi Tape & Decorative Tape
Arts & Crafts,DIY & Craft Supplies,Ribbon & Trim
Arts & Crafts,Jewelry Making,Beads & Gems
Arts & Crafts,Jewelry Making,Jewelry Making Findings
Arts & Crafts,Jewelry Making,Jewelry Making Tools
Arts & Crafts,Paper Crafts,Scrapbooking Supplies
Arts & Crafts,Paper Crafts,Stamps & Inks
Arts & Crafts,Paper Crafts,Stickers & Labels
Arts & Crafts,Resin Art,Resin Molds
Arts & Crafts,Resin Art,Resin Pigments & Dyes
Tools & Home Improvement,Hand Tools,Screwdrivers
Tools & Home Improvement,Hand Tools,Hammers & Mallets
Tools & Home Improvement,Hand Tools,Pliers & Cutters
Tools & Home Improvement,Hand Tools,Wrenches & Spanners
Tools & Home Improvement,Hand Tools,Levels & Measuring Tools
Tools & Home Improvement,Hand Tools,Tape Measures
Tools & Home Improvement,Power Tools,Drills & Drivers
Tools & Home Improvement,Power Tools,Saws
Tools & Home Improvement,Power Tools,Sanders
Tools & Home Improvement,Power Tools,Power Tool Accessories
Tools & Home Improvement,Hardware,Screws & Bolts
Tools & Home Improvement,Hardware,Nails & Staples
Tools & Home Improvement,Hardware,Hooks & Anchors
Tools & Home Improvement,Hardware,Cabinet Hardware
Tools & Home Improvement,Hardware,Door Hardware
Tools & Home Improvement,Electrical,Extension Cords
Tools & Home Improvement,Electrical,Light Bulbs
Tools & Home Improvement,Electrical,Outlets & Switches
Tools & Home Improvement,Plumbing,Shower Heads
Tools & Home Improvement,Plumbing,Faucets
Tools & Home Improvement,Plumbing,Pipe Fittings
Tools & Home Improvement,Safety & Security,Door Locks
Tools & Home Improvement,Safety & Security,Smoke Detectors
Tools & Home Improvement,Safety & Security,Safety Equipment
Tools & Home Improvement,Paint & Wall Treatment,Paint Brushes & Rollers
Tools & Home Improvement,Paint & Wall Treatment,Wallpaper & Wall Panels
Mowers & Outdoor Power Tools,Lawn Mowers,Push Mowers
Mowers & Outdoor Power Tools,Lawn Mowers,Self-Propelled Mowers
Mowers & Outdoor Power Tools,Lawn Mowers,Riding Mowers
Mowers & Outdoor Power Tools,Trimmers & Edgers,String Trimmers
Mowers & Outdoor Power Tools,Trimmers & Edgers,Lawn Edgers
Mowers & Outdoor Power Tools,Leaf Blowers,Corded Leaf Blowers
Mowers & Outdoor Power Tools,Leaf Blowers,Cordless Leaf Blowers
Mowers & Outdoor Power Tools,Chainsaws,Gas Chainsaws
Mowers & Outdoor Power Tools,Chainsaws,Electric Chainsaws
Mowers & Outdoor Power Tools,Pressure Washers,Electric Pressure Washers
Mowers & Outdoor Power Tools,Pressure Washers,Gas Pressure Washers
Mowers & Outdoor Power Tools,Snow Removal,Snow Blowers
Mowers & Outdoor Power Tools,Generators,Portable Generators
Musical Instruments,Guitars,Acoustic Guitars
Musical Instruments,Guitars,Electric Guitars
Musical Instruments,Guitars,Bass Guitars
Musical Instruments,Guitars,Guitar Accessories
Musical Instruments,Keyboards & Pianos,Digital Pianos
Musical Instruments,Keyboards & Pianos,MIDI Keyboards
Musical Instruments,Keyboards & Pianos,Synthesizers
Musical Instruments,Percussion,Drum Kits & Sets
Musical Instruments,Percussion,Electronic Drum Pads
Musical Instruments,Percussion,Hand Percussion
Musical Instruments,Wind Instruments,Flutes
Musical Instruments,Wind Instruments,Harmonicas
Musical Instruments,Wind Instruments,Recorders
Musical Instruments,Recording & Studio,Audio Interfaces
Musical Instruments,Recording & Studio,Microphones
Musical Instruments,Recording & Studio,Studio Monitors
Musical Instruments,Instrument Accessories,Instrument Cables
Musical Instruments,Instrument Accessories,Instrument Stands
Musical Instruments,Instrument Accessories,Tuners & Metronomes
Industrial & Commercial,Safety Equipment,Safety Gloves
Industrial & Commercial,Safety Equipment,Safety Goggles & Glasses
Industrial & Commercial,Safety Equipment,Helmets & Hard Hats
Industrial & Commercial,Safety Equipment,Safety Vests & Clothing
Industrial & Commercial,Safety Equipment,Ear Protection
Industrial & Commercial,Safety Equipment,Respirators & Masks
Industrial & Commercial,Packaging Supplies,Boxes & Shipping Containers
Industrial & Commercial,Packaging Supplies,Tape & Dispensers
Industrial & Commercial,Packaging Supplies,Bubble Wrap & Foam
Industrial & Commercial,Packaging Supplies,Labels & Tags
Industrial & Commercial,Janitorial Supplies,Commercial Mops & Brooms
Industrial & Commercial,Janitorial Supplies,Trash Bags & Bins
Industrial & Commercial,Janitorial Supplies,Industrial Cleaning Products
Industrial & Commercial,Adhesives & Sealants,Industrial Glues
Industrial & Commercial,Adhesives & Sealants,Sealants & Caulk
Industrial & Commercial,Material Handling,Storage Shelving & Racks
Industrial & Commercial,Material Handling,Hand Trucks & Dollies
Holidays & Party,Christmas,Christmas Tree Decorations
Holidays & Party,Christmas,Christmas String Lights
Holidays & Party,Christmas,Christmas Trees & Wreaths
Holidays & Party,Christmas,Christmas Stockings
Holidays & Party,Halloween,Halloween Costumes
Holidays & Party,Halloween,Kids' Halloween Costumes
Holidays & Party,Halloween,Halloween Decorations
Holidays & Party,Halloween,Halloween Props & Effects
Holidays & Party,Costumes & Dress-Up,Kids' Costumes
Holidays & Party,Costumes & Dress-Up,Adults' Costumes
Holidays & Party,Costumes & Dress-Up,Costume Accessories
Holidays & Party,Costumes & Dress-Up,Cultural & Traditional Costumes
Holidays & Party,Party Supplies,Balloons
Holidays & Party,Party Supplies,Party Tableware
Holidays & Party,Party Supplies,Party Decorations & Banners
Holidays & Party,Party Supplies,Party Favors
Holidays & Party,Wedding,Wedding Decorations
Holidays & Party,Wedding,Wedding Favors & Gifts
Holidays & Party,Wedding,Bridal Accessories
Holidays & Party,Gift Supplies,Gift Wrapping Paper
Holidays & Party,Gift Supplies,Gift Bags & Boxes
Holidays & Party,Gift Supplies,Greeting Cards
Holidays & Party,Easter,Easter Decorations
Holidays & Party,Easter,Easter Baskets & Fillers
Holidays & Party,Valentine's Day,Valentine's Day Decorations
Holidays & Party,Valentine's Day,Valentine's Day Gifts
